{
  "schema": "paper_curling_physics_v1",
  "created_at": "2026-07-06 17:36:29",
  "source_file": "data/calibration/no_sweep_200.jsonl",
  "n_total": 200,
  "n_motion_used": 200,
  "n_landing_used": 190,
  "n_out_of_play": 10,
  "fit_mode": "all_data_deployment",
  "dt": 0.0125,
  "model_scope": "single-rock, no-collision, no-sweep",
  "params": {
    "dry_decel": 0.07272409456730666,
    "wet_decel": 0.01796766726922937,
    "wet_exponent": 2.6218718433380577,
    "curl_gain": 0.0007666648508146023,
    "late_curl_gain": 5.438293029500649,
    "transition_speed": 1.2348061295078212,
    "transition_width": 0.7528971573042246,
    "angular_drag": 0.02524812892093143,
    "angular_speed_drag": 0.04886188364023776
  },
  "middle_feature_names": [
    "1",
    "v",
    "h",
    "w",
    "abs_w",
    "tanh_w",
    "v2",
    "h2",
    "w2",
    "v_h",
    "v_w",
    "h_w"
  ],
  "middle_target_names": [
    "motion_x",
    "motion_y",
    "motion_vx",
    "motion_vy",
    "motion_w"
  ],
  "middle_coefficients": [
    [
      2.354317491818849,
      21.35530635593393,
      2.8464170138046556e-05,
      0.6741270977056469,
      0.00663663764448634
    ],
    [
      -0.0024248187712306944,
      0.1204613668722827,
      -2.1684109684819933e-06,
      -0.9419583947826478,
      -0.004582690058547955
    ],
    [
      1.0007711025967332,
      0.04218027319335658,
      9.945520511049026e-06,
      -0.008550584532820746,
      -0.004084279357801306
    ],
    [
      0.04462985448688993,
      -0.015750429442969612,
      -0.0008390382056730613,
      0.004823446544490111,
      0.18296333096984035
    ],
    [
      -6.064143390059203e-05,
      0.0017709380891645738,
      1.8427991562339047e-05,
      0.0006296856062876638,
      -4.5310620788896645e-05
    ],
    [
      -0.0001201659917915522,
      0.00240021185357007,
      2.0713115094761263e-05,
      -0.0002422505507161856,
      0.0005731546653137889
    ],
    [
      0.00039902045820527313,
      -0.021806713516352202,
      -3.335341105198023e-06,
      0.028943101443120955,
      0.0007870114466881923
    ],
    [
      -5.1200798452985164e-05,
      -0.0011200881463252984,
      1.927320291264552e-05,
      0.0016137373311097365,
      -0.00015142910734897621
    ],
    [
      3.374213189842441e-05,
      -0.0007335928125108398,
      -4.516595235978291e-06,
      -5.860488653661178e-05,
      0.00010096563277304106
    ],
    [
      -0.00025139652337436346,
      -0.013360096500070013,
      -5.4975179402792724e-06,
      0.002783093690177496,
      0.0013512535948243438
    ],
    [
      -0.0035925628037955107,
      0.004734367416267817,
      0.003619009188336687,
      -0.001575119553422863,
      0.051116015487517735
    ],
    [
      -5.433446273635155e-06,
      -0.0012815102195836206,
      7.63903073221465e-06,
      -2.367778342399901e-05,
      0.00013628948878283622
    ]
  ],
  "direct_landing_coefficients": [
    [
      2.4765369676705116,
      40.25089825798378
    ],
    [
      -0.07957669016264189,
      -14.978646823988154
    ],
    [
      1.0232695663854297,
      -0.3596643504643031
    ],
    [
      -0.16217625213980327,
      0.057306012208992424
    ],
    [
      0.014041969808057754,
      0.01500187149275578
    ],
    [
      0.21783961219857897,
      -0.012450585300743722
    ],
    [
      0.012013772242446374,
      1.056159192413439
    ],
    [
      0.014966576134629785,
      -0.011137147329225286
    ],
    [
      -0.009559849093273419,
      -0.0033507947547744
    ],
    [
      -0.002160633653614386,
      0.1217306749002512
    ],
    [
      0.06358817643680202,
      -0.0175491029554119
    ],
    [
      0.007256950150649703,
      -0.0038290717906716634
    ]
  ],
  "optimizer": {
    "success": true,
    "status": 2,
    "message": "`ftol` termination condition is satisfied.",
    "nfev": 21,
    "cost": 0.13841576975373132
  },
  "metrics": {
    "oracle_middle_all_fit": {
      "n": 190,
      "rmse_x": 0.024676320036543197,
      "rmse_y": 0.02912193901725901,
      "rmse_total": 0.038170775505232485,
      "mae_x": 0.02084454465939593,
      "mae_y": 0.022584249030273548,
      "p90_total": 0.054820397442750454,
      "max_total": 0.09518515282732586
    },
    "full_pipeline_all_fit": {
      "n": 190,
      "rmse_x": 0.024668727001288814,
      "rmse_y": 0.03279152380626903,
      "rmse_total": 0.04103449920982616,
      "mae_x": 0.020826773989409894,
      "mae_y": 0.026127309930787476,
      "p90_total": 0.06380027483178413,
      "max_total": 0.11374245326456889
    },
    "direct_polynomial_all_fit": {
      "n": 190,
      "rmse_x": 0.016562371971327837,
      "rmse_y": 0.03229680588265248,
      "rmse_total": 0.03629594792174964,
      "mae_x": 0.011719829033267556,
      "mae_y": 0.025734428947221548,
      "p90_total": 0.06023476371563884,
      "max_total": 0.11107685439615586
    },
    "hybrid_all_fit": {
      "n": 190,
      "rmse_x": 0.016562371971327837,
      "rmse_y": 0.03279152380626903,
      "rmse_total": 0.03673685069318999,
      "mae_x": 0.011719829033267556,
      "mae_y": 0.026127309930787476,
      "p90_total": 0.06073846625933737,
      "max_total": 0.11040210418710726
    }
  },
  "stop_time_seconds": {
    "oracle_mean": 20.200283745216367,
    "oracle_min": 19.019046614105108,
    "oracle_max": 21.244029647283483,
    "full_mean": 20.20015228846553
  }
}
