{
  "schema": "paper_curling_physics_v1",
  "created_at": "2026-07-06 17:29:57",
  "source_file": "data/calibration/no_sweep_200.jsonl",
  "n_total": 200,
  "n_used": 190,
  "dt": 0.0125,
  "model_scope": "single-rock, no-collision, no-sweep",
  "params": {
    "dry_decel": 0.07164691437981734,
    "wet_decel": 0.019207275029389143,
    "wet_exponent": 2.534149186512202,
    "curl_gain": 0.0008695325567989716,
    "late_curl_gain": 4.818337810484639,
    "transition_speed": 1.1578315457195894,
    "transition_width": 0.7583939155360301,
    "angular_drag": 0.02744272332481794,
    "angular_speed_drag": 0.04938705910817994
  },
  "middle_feature_names": [
    "1",
    "v",
    "h",
    "w",
    "abs_w",
    "tanh_w",
    "v2",
    "h2",
    "w2",
    "v_h",
    "v_w",
    "h_w"
  ],
  "middle_target_names": [
    "motion_x",
    "motion_y",
    "motion_vx",
    "motion_vy",
    "motion_w"
  ],
  "middle_coefficients": [
    [
      2.3581470927058343,
      21.282950345708787,
      0.0008661578582869914,
      0.6334840308504832,
      0.025128180055796517
    ],
    [
      -0.005075613388954906,
      0.16801322595001425,
      -0.0005843707801131645,
      -0.9147276805124989,
      -0.01714174838973192
    ],
    [
      1.0005976250497826,
      0.06286111058990469,
      -7.408702666538802e-05,
      -0.0018017369969932126,
      -0.00543219427396976
    ],
    [
      0.04465504640972986,
      -0.012112539237609677,
      -0.0008761402635014483,
      0.00488069313082779,
      0.18222563433631994
    ],
    [
      -2.7774478106877922e-05,
      0.0009003711987180356,
      3.914791626855984e-05,
      -0.00017849043942551324,
      0.00013531651889054155
    ],
    [
      -9.337280754911695e-05,
      -0.001935435656964823,
      7.202510502417176e-05,
      -2.665768115063527e-06,
      0.0010059618266021748
    ],
    [
      0.0008563547450061602,
      -0.029631255705173054,
      9.745821222545208e-05,
      0.024419489480383083,
      0.002912635491994487
    ],
    [
      -0.00012416587983695468,
      0.005463949613092597,
      -7.1370997112635324e-06,
      0.0004345409352821813,
      -0.0002874111892600232
    ],
    [
      4.2604130132830416e-06,
      -5.373922102327143e-05,
      -2.154451992948956e-05,
      0.00045545683738892895,
      -3.49393531658014e-05
    ],
    [
      -0.0001910042521950518,
      -0.020165951655841546,
      2.2536280552017763e-05,
      0.00046861533205119765,
      0.0018186519253399578
    ],
    [
      -0.003604911687454177,
      0.004616720179639539,
      0.003620647110847128,
      -0.0016450137727906308,
      0.05127809076161319
    ],
    [
      -1.100133619728046e-05,
      -0.001791386472406199,
      4.577984848637258e-06,
      -0.0005270351421220055,
      0.0001382513715063271
    ]
  ],
  "direct_landing_coefficients": [
    [
      2.3555409640021234,
      40.32859680102256
    ],
    [
      0.00430677376792718,
      -15.033943271877453
    ],
    [
      1.1086643331879198,
      -0.31158264603822144
    ],
    [
      -0.14922677334255977,
      0.05963195928971915
    ],
    [
      0.014656009424391641,
      0.014631389427071095
    ],
    [
      0.22205558941800801,
      -0.017800320097840994
    ],
    [
      -0.0025474835640752745,
      1.0662181549857745
    ],
    [
      0.03400925594257374,
      -0.029777564711645138
    ],
    [
      -0.01052871146753369,
      -0.004149874775955187
    ],
    [
      -0.02934475435460302,
      0.1085465559279166
    ],
    [
      0.058335689435600184,
      -0.01723825633867182
    ],
    [
      0.008135298808869956,
      0.005661961148621705
    ]
  ],
  "optimizer": {
    "success": true,
    "status": 3,
    "message": "`xtol` termination condition is satisfied.",
    "nfev": 27,
    "cost": 0.11169406107341195
  },
  "metrics": {
    "oracle_middle_train": {
      "n": 151,
      "rmse_x": 0.024719624553189958,
      "rmse_y": 0.02946746849231391,
      "rmse_total": 0.03846285919424328,
      "mae_x": 0.021032643478935995,
      "mae_y": 0.022820922498153075,
      "p90_total": 0.05471967382708827,
      "max_total": 0.09407153610519557
    },
    "oracle_middle_val": {
      "n": 39,
      "rmse_x": 0.02452217387633039,
      "rmse_y": 0.02796532521571107,
      "rmse_total": 0.03719403750658788,
      "mae_x": 0.019983526444727395,
      "mae_y": 0.021585074743722184,
      "p90_total": 0.05596843375666423,
      "max_total": 0.07775215520207145
    },
    "full_pipeline_train": {
      "n": 151,
      "rmse_x": 0.02468019005523711,
      "rmse_y": 0.033270788887237945,
      "rmse_total": 0.041425320449476076,
      "mae_x": 0.02096839666616355,
      "mae_y": 0.026423629324317424,
      "p90_total": 0.06270060445190018,
      "max_total": 0.1122206906658567
    },
    "full_pipeline_val": {
      "n": 39,
      "rmse_x": 0.024494419221990263,
      "rmse_y": 0.03202479474977727,
      "rmse_total": 0.04031828433586885,
      "mae_x": 0.01996640939927958,
      "mae_y": 0.026081810569607785,
      "p90_total": 0.061123959896660536,
      "max_total": 0.09449555289838446
    },
    "direct_polynomial_train": {
      "n": 151,
      "rmse_x": 0.01609627668061507,
      "rmse_y": 0.03242945513239668,
      "rmse_total": 0.03620441524404229,
      "mae_x": 0.011458695273106199,
      "mae_y": 0.02594561262905712,
      "p90_total": 0.059078815841846766,
      "max_total": 0.11258983587054588
    },
    "direct_polynomial_val": {
      "n": 39,
      "rmse_x": 0.01869987859512842,
      "rmse_y": 0.032516689593541474,
      "rmse_total": 0.03751027274754571,
      "mae_x": 0.013472044247601858,
      "mae_y": 0.026748685000260623,
      "p90_total": 0.05452334129379178,
      "max_total": 0.0882268180237642
    },
    "hybrid_train": {
      "n": 151,
      "rmse_x": 0.01609627668061507,
      "rmse_y": 0.033270788887237945,
      "rmse_total": 0.03695991769685193,
      "mae_x": 0.011458695273106199,
      "mae_y": 0.026423629324317424,
      "p90_total": 0.05933666593677809,
      "max_total": 0.10848600314178666
    },
    "hybrid_val": {
      "n": 39,
      "rmse_x": 0.01869987859512842,
      "rmse_y": 0.03202479474977727,
      "rmse_total": 0.03708467255131025,
      "mae_x": 0.013472044247601858,
      "mae_y": 0.026081810569607785,
      "p90_total": 0.059953453535172944,
      "max_total": 0.09030246226294773
    }
  },
  "stop_time_seconds": {
    "oracle_mean": 20.28310877152563,
    "oracle_min": 19.09402403221494,
    "oracle_max": 21.331532655302933,
    "full_mean": 20.283371971592636
  }
}
