{
  "schema": "official_no_sweep_landing_v1",
  "enabled": true,
  "created_at": "2026-07-06 15:34:46",
  "source_file": "data/calibration/no_sweep_200.jsonl",
  "n_total": 200,
  "n_used": 190,
  "n_filtered": 10,
  "feature_names": [
    "1",
    "v",
    "h",
    "w",
    "abs_w",
    "tanh_w",
    "v2",
    "h2",
    "w2",
    "v_h",
    "v_w",
    "h_w"
  ],
  "coef_x": [
    2.476536967670512,
    -0.0795766901626419,
    1.0232695663854297,
    -0.16217625213980344,
    0.014041969808057856,
    0.21783961219857886,
    0.012013772242446388,
    0.01496657613462983,
    -0.009559849093273563,
    -0.0021606336536143305,
    0.06358817643680202,
    0.00725695015064973
  ],
  "coef_y": [
    40.25089825798377,
    -14.978646823988154,
    -0.3596643504643027,
    0.05730601220899209,
    0.01500187149275578,
    -0.012450585300744166,
    1.056159192413439,
    -0.01113714732922573,
    -0.0033507947547744,
    0.12173067490025137,
    -0.017549102955412788,
    -0.003829071790671705
  ],
  "residual_std_x": 0.01656237197132783,
  "residual_std_y": 0.03229680588265333,
  "input_ranges": {
    "v0": [
      2.7534265349649,
      3.2355318761823044
    ],
    "h0": [
      -0.4498657171260224,
      0.432241132527219
    ],
    "w0": [
      -1.4846719803651633,
      1.4670341200645627
    ]
  },
  "support_margin": 0.15,
  "metrics": {
    "current_mock_all": {
      "n": 190,
      "rmse_x": 0.08858932905984936,
      "rmse_y": 1.0898850287059696,
      "rmse_total": 1.0934795128490915,
      "mae_x": 0.07878006846325035,
      "mae_y": 0.941762807259284,
      "p90_total": 1.7008161644506739,
      "max_total": 1.9058039893680538
    },
    "calibrated_train_split_train": {
      "n": 151,
      "rmse_x": 0.01609627668061515,
      "rmse_y": 0.03242945513239754,
      "rmse_total": 0.0362044152440431,
      "mae_x": 0.01145869527310626,
      "mae_y": 0.025945612629058798,
      "p90_total": 0.05907881584185988,
      "max_total": 0.11258983587054795
    },
    "calibrated_train_split_val": {
      "n": 39,
      "rmse_x": 0.01869987859512839,
      "rmse_y": 0.03251668959354158,
      "rmse_total": 0.037510272747545786,
      "mae_x": 0.013472044247601915,
      "mae_y": 0.026748685000260248,
      "p90_total": 0.054523341293789655,
      "max_total": 0.08822681802376325
    },
    "calibrated_all_fit_all": {
      "n": 190,
      "rmse_x": 0.01656237197132783,
      "rmse_y": 0.03229680588265333,
      "rmse_total": 0.0362959479217504,
      "mae_x": 0.01171982903326757,
      "mae_y": 0.025734428947221603,
      "p90_total": 0.060234763715638455,
      "max_total": 0.11107685439617505
    }
  }
}
