{
  "schema": "unity_landing_v2",
  "enabled": true,
  "created_at": "2026-07-07 12:36:41",
  "source_files": [
    "data\\calibration\\no_sweep_200.jsonl",
    "data\\calibration\\sweep_200.jsonl"
  ],
  "n_raw": 400,
  "n_used": 390,
  "collision_free_only": true,
  "feature_names": [
    "1",
    "v",
    "h",
    "w",
    "sweep",
    "abs_w",
    "tanh_w",
    "v2",
    "h2",
    "w2",
    "sweep2",
    "v_h",
    "v_w",
    "h_w",
    "v_sweep",
    "h_sweep",
    "w_sweep"
  ],
  "input_ranges": {
    "v0": [
      2.7534265349649,
      3.2355318761823044
    ],
    "h0": [
      -0.4498657171260224,
      0.432241132527219
    ],
    "w0": [
      -1.4846719803651633,
      1.4670341200645627
    ],
    "sweep": [
      0.0,
      12.0
    ]
  },
  "support_margin": 0.1,
  "min_fit_samples": 20,
  "status": "fit",
  "coef_x": [
    2.6601136240083254,
    -0.20610784106544414,
    1.0478160575070148,
    -0.18347328842045948,
    0.0024369718533510092,
    0.015518560091725737,
    0.24218816568805016,
    0.03389413066362196,
    0.019553188363742702,
    -0.012033562494987167,
    2.8331807337751163e-05,
    -0.008964725266830908,
    0.06461945212688133,
    0.007531311229702334,
    -0.001035945927802151,
    -0.0004923808757657228,
    -0.0007410182728718184
  ],
  "coef_y": [
    41.02951713348789,
    -15.53027592999065,
    -0.3893831993127123,
    -0.1311568813767625,
    -0.09202704508044461,
    -0.043845318260946835,
    -0.07514699719536201,
    1.153559812888373,
    0.026555603988343574,
    0.04759287025507315,
    -0.0021699068984865825,
    0.13108608928724125,
    0.06264742774301219,
    0.012663803192091112,
    0.035687432941920574,
    -0.00586690569802964,
    -0.0024627429219960676
  ],
  "residual_std_x": 0.017934851594281313,
  "residual_std_y": 0.11499967501251646,
  "metrics": {
    "train": {
      "n": 312,
      "rmse_x": 0.017210310509030068,
      "rmse_y": 0.12463156796129223,
      "rmse_total": 0.12581423814619486,
      "mae_x": 0.01249267319874277,
      "mae_y": 0.05264365014922517,
      "p90_total": 0.09540075443464863,
      "max_total": 1.5459077513857205
    },
    "val": {
      "n": 78,
      "rmse_x": 0.020579488751559204,
      "rmse_y": 0.0631863540249096,
      "rmse_total": 0.06645322183488744,
      "mae_x": 0.015657573491862475,
      "mae_y": 0.04381963063321107,
      "p90_total": 0.0862393186650956,
      "max_total": 0.292763569993812
    },
    "all": {
      "n": 390,
      "rmse_x": 0.017934851594281313,
      "rmse_y": 0.11499967501251646,
      "rmse_total": 0.11638979403149272,
      "mae_x": 0.01312565325736671,
      "mae_y": 0.050878846246022354,
      "p90_total": 0.0946360301173729,
      "max_total": 1.5459077513857205
    }
  }
}