{
  "snapshot_key": "0.020000",
  "probes": [
    {
      "label": "current_best",
      "file": "data\\calibration\\unity_physx_collision_probe_unique_role_current_best_20260708.json",
      "config_excerpt": {
        "radius": 0.146,
        "height": 0.23,
        "center_height": 0.1276,
        "contact_offset": 0.01,
        "disable_stone_gravity": null,
        "handoff_y_offset": null,
        "use_unity_frame": true
      },
      "endpoint_summary": {
        "sample_count": 8,
        "active_error_count": 8,
        "target_in_play_error_count": 7,
        "target_cleared_count": 1,
        "active_rmse_m": 0.037766793771995454,
        "target_in_play_rmse_m": 0.10796148501441558,
        "combined_rmse_m": 0.07874025714129404,
        "active_mean_m": 0.027085394156134764,
        "target_in_play_mean_m": 0.09279868530483147
      },
      "snapshot_key": "0.020000",
      "z_mean_m": 0.12465702462941408,
      "z_min_m": 0.12446747720241547,
      "z_max_m": 0.12484675645828247,
      "vz_mean_mps": -0.19619999825954437,
      "vz_min_mps": -0.20553085207939148,
      "vz_max_mps": -0.18686914443969727
    },
    {
      "label": "center_height_0.115",
      "file": "data\\calibration\\unity_physx_collision_probe_unique_role_centerheight115_currentbest_20260709.json",
      "config_excerpt": {
        "radius": 0.146,
        "height": 0.23,
        "center_height": 0.115,
        "contact_offset": 0.01,
        "disable_stone_gravity": false,
        "handoff_y_offset": 0.0,
        "use_unity_frame": true
      },
      "endpoint_summary": {
        "sample_count": 8,
        "active_error_count": 8,
        "target_in_play_error_count": 7,
        "target_cleared_count": 1,
        "active_rmse_m": 0.038951533300064074,
        "target_in_play_rmse_m": 0.11322073800000527,
        "combined_rmse_m": 0.08240967749169142,
        "active_mean_m": 0.02919204108388803,
        "target_in_play_mean_m": 0.08386764237998733
      },
      "snapshot_key": "0.020000",
      "z_mean_m": 0.11500077694654465,
      "z_min_m": 0.11500030010938644,
      "z_max_m": 0.1150011345744133,
      "vz_mean_mps": -1.012580469250679e-05,
      "vz_min_mps": -3.3564865589141846e-05,
      "vz_max_mps": 3.591179847717285e-06
    },
    {
      "label": "disable_gravity",
      "file": "data\\calibration\\unity_physx_collision_probe_unique_role_disable_gravity_currentbest_20260709.json",
      "config_excerpt": {
        "radius": 0.146,
        "height": 0.23,
        "center_height": 0.1276,
        "contact_offset": 0.01,
        "disable_stone_gravity": true,
        "handoff_y_offset": 0.0,
        "use_unity_frame": true
      },
      "endpoint_summary": {
        "sample_count": 8,
        "active_error_count": 8,
        "target_in_play_error_count": 7,
        "target_cleared_count": 1,
        "active_rmse_m": 5.150508884944008,
        "target_in_play_rmse_m": 18.329910419897953,
        "combined_rmse_m": 13.07445663931898,
        "active_mean_m": 3.4783171411245926,
        "target_in_play_mean_m": 17.97625967376058
      },
      "snapshot_key": "0.020000",
      "z_mean_m": 0.12759999930858612,
      "z_min_m": 0.1275998055934906,
      "z_max_m": 0.12760019302368164,
      "vz_mean_mps": 0.0,
      "vz_min_mps": -6.564273917319952e-06,
      "vz_max_mps": 6.564273917319952e-06
    }
  ],
  "settle_probes": [
    {
      "label": "settle_grid_zpreserve",
      "file": "data\\calibration\\unity_physx_collision_probe_unique_role_settle_grid_zpreserve_20260709.json",
      "status": "ok",
      "best_by_target_rmse": {
        "result_index": 0,
        "center_height": 0.1276,
        "target_settle_time": 0.0,
        "active_settle_time": 0.0,
        "active_settle_backoff": 0.5,
        "active_rmse_m": 0.03855842111554859,
        "target_in_play_rmse_m": 0.11323278407673086,
        "combined_rmse_m": 0.08231875381295352,
        "sample_12003_target_error_m": 0.24572499750997046,
        "sample_12003_sim_target": [
          2.650664806365967,
          2.787033796310425
        ]
      },
      "best_by_12003": {
        "result_index": 1,
        "center_height": 0.1276,
        "target_settle_time": 0.0,
        "active_settle_time": 1.0,
        "active_settle_backoff": 0.5,
        "active_rmse_m": 0.03944412680001889,
        "target_in_play_rmse_m": 0.11444965880932131,
        "combined_rmse_m": 0.08332177943495853,
        "sample_12003_target_error_m": 0.24310151548923012,
        "sample_12003_sim_target": [
          2.6581239700317383,
          2.781165599822998
        ]
      },
      "rows": [
        {
          "result_index": 0,
          "center_height": 0.1276,
          "target_settle_time": 0.0,
          "active_settle_time": 0.0,
          "active_settle_backoff": 0.5,
          "active_rmse_m": 0.03855842111554859,
          "target_in_play_rmse_m": 0.11323278407673086,
          "combined_rmse_m": 0.08231875381295352,
          "sample_12003_target_error_m": 0.24572499750997046,
          "sample_12003_sim_target": [
            2.650664806365967,
            2.787033796310425
          ]
        },
        {
          "result_index": 1,
          "center_height": 0.1276,
          "target_settle_time": 0.0,
          "active_settle_time": 1.0,
          "active_settle_backoff": 0.5,
          "active_rmse_m": 0.03944412680001889,
          "target_in_play_rmse_m": 0.11444965880932131,
          "combined_rmse_m": 0.08332177943495853,
          "sample_12003_target_error_m": 0.24310151548923012,
          "sample_12003_sim_target": [
            2.6581239700317383,
            2.781165599822998
          ]
        },
        {
          "result_index": 2,
          "center_height": 0.1276,
          "target_settle_time": 1.0,
          "active_settle_time": 0.0,
          "active_settle_backoff": 0.5,
          "active_rmse_m": 0.037881806963449366,
          "target_in_play_rmse_m": 0.11506625506008454,
          "combined_rmse_m": 0.08333144735148325,
          "sample_12003_target_error_m": 0.25044022862554033,
          "sample_12003_sim_target": [
            2.648613691329956,
            2.781748056411743
          ]
        },
        {
          "result_index": 3,
          "center_height": 0.1276,
          "target_settle_time": 1.0,
          "active_settle_time": 1.0,
          "active_settle_backoff": 0.5,
          "active_rmse_m": 0.03826168584165808,
          "target_in_play_rmse_m": 0.11509637602397885,
          "combined_rmse_m": 0.08344334734598392,
          "sample_12003_target_error_m": 0.24907366060335523,
          "sample_12003_sim_target": [
            2.6506359577178955,
            2.781270980834961
          ]
        }
      ]
    },
    {
      "label": "settle_grid_center115",
      "file": "data\\calibration\\unity_physx_collision_probe_unique_role_settle_grid_center115_20260709.json",
      "status": "ok",
      "best_by_target_rmse": {
        "result_index": 0,
        "center_height": 0.115,
        "target_settle_time": 0.0,
        "active_settle_time": 0.0,
        "active_settle_backoff": 0.5,
        "active_rmse_m": 0.038951533300064074,
        "target_in_play_rmse_m": 0.11322073800000527,
        "combined_rmse_m": 0.08240967749169142,
        "sample_12003_target_error_m": 0.24527101854248576,
        "sample_12003_sim_target": [
          2.6513545513153076,
          2.7868361473083496
        ]
      },
      "best_by_12003": {
        "result_index": 0,
        "center_height": 0.115,
        "target_settle_time": 0.0,
        "active_settle_time": 0.0,
        "active_settle_backoff": 0.5,
        "active_rmse_m": 0.038951533300064074,
        "target_in_play_rmse_m": 0.11322073800000527,
        "combined_rmse_m": 0.08240967749169142,
        "sample_12003_target_error_m": 0.24527101854248576,
        "sample_12003_sim_target": [
          2.6513545513153076,
          2.7868361473083496
        ]
      },