{
  "samples": "data\\calibration\\unity_unique_role_collision_samples_20260708_r00.jsonl",
  "probe": "data\\calibration\\unity_physx_collision_probe_unique_role_current_best_refresh_20260709.json",
  "impulse_report": "data\\calibration\\unity_collision_impulse_residual_refresh_20260709.json",
  "sample_count": 7,
  "sample_ids": [
    12000,
    12002,
    12003,
    12004,
    12005,
    12006,
    12007
  ],
  "target": "target linear velocity at t=0.02s",
  "baseline_required_delta_rmse_mps": 0.03261085945107625,
  "least_squares_residual_rmse_mps": 0.021863168861034316,
  "plausible_clipped_residual_rmse_mps": 0.03628209240638129,
  "least_squares_rank": 11,
  "singular_values": [
    53.8730179622053,
    33.50208639875272,
    10.569642112747289,
    2.2143426199548633,
    1.290760724379264,
    0.8049457821102721,
    0.6033799215156657,
    0.39601764704226783,
    0.018808836375757722,
    0.010084461285391564,
    8.734847109674024e-05,
    0.0
  ],
  "parameters": [
    {
      "name": "active_handoff_x_offset",
      "finite_difference_step": 0.001,
      "plausible_abs": 0.01,
      "description": "protocol x offset applied to active handoff pose",
      "sensitivity_norm_per_unit": 19.006244398170935,
      "least_squares_value": -0.014263266336348984,
      "abs_over_plausible": 1.4263266336348983,
      "plausible_clipped_value": -0.01
    },
    {
      "name": "active_handoff_y_offset",
      "finite_difference_step": 0.001,
      "plausible_abs": 0.01,
      "description": "protocol y offset applied to active handoff pose",
      "sensitivity_norm_per_unit": 53.56350566607757,
      "least_squares_value": -0.0008120634917992368,
      "abs_over_plausible": 0.08120634917992367,
      "plausible_clipped_value": -0.0008120634917992368
    },
    {
      "name": "active_handoff_vx_offset",
      "finite_difference_step": 0.01,
      "plausible_abs": 0.05,
      "description": "protocol vx offset applied to active handoff velocity",
      "sensitivity_norm_per_unit": 0.9733639194139059,
      "least_squares_value": -0.09086019805700572,
      "abs_over_plausible": 1.8172039611401143,
      "plausible_clipped_value": -0.05
    },
    {
      "name": "active_handoff_vy_offset",
      "finite_difference_step": 0.01,
      "plausible_abs": 0.05,
      "description": "protocol vy offset applied to active handoff velocity",
      "sensitivity_norm_per_unit": 2.499478799040701,
      "least_squares_value": 0.0270959959874238,
      "abs_over_plausible": 0.541919919748476,
      "plausible_clipped_value": 0.0270959959874238
    },
    {
      "name": "active_handoff_w_offset",
      "finite_difference_step": 0.01,
      "plausible_abs": 0.1,
      "description": "angular velocity offset applied to active handoff",
      "sensitivity_norm_per_unit": 0.06568271974239091,
      "least_squares_value": 0.9471367587378483,
      "abs_over_plausible": 9.471367587378483,
      "plausible_clipped_value": 0.1
    },
    {
      "name": "target_x_offset",
      "finite_difference_step": 0.001,
      "plausible_abs": 0.01,
      "description": "protocol x offset applied to target reset position",
      "sensitivity_norm_per_unit": 10.519166272892397,
      "least_squares_value": 0.0045113836339218845,
      "abs_over_plausible": 0.45113836339218844,
      "plausible_clipped_value": 0.0045113836339218845
    },
    {
      "name": "target_y_offset",
      "finite_difference_step": 0.001,
      "plausible_abs": 0.01,
      "description": "protocol y offset applied to target reset position",
      "sensitivity_norm_per_unit": 28.158069013024658,
      "least_squares_value": 0.007891741400695243,
      "abs_over_plausible": 0.7891741400695244,
      "plausible_clipped_value": 0.007891741400695243
    },
    {
      "name": "active_yaw",
      "finite_difference_step": 0.001,
      "plausible_abs": 0.05,
      "description": "active initial yaw around vertical axis",
      "sensitivity_norm_per_unit": 0.4421439120318167,
      "least_squares_value": -0.7650157512753469,
      "abs_over_plausible": 15.300315025506938,
      "plausible_clipped_value": -0.05
    },
    {
      "name": "target_yaw",
      "finite_difference_step": 0.001,
      "plausible_abs": 0.05,
      "description": "target initial yaw around vertical axis",
      "sensitivity_norm_per_unit": 0.453840504941944,
      "least_squares_value": 0.8497258236734598,
      "abs_over_plausible": 16.994516473469197,
      "plausible_clipped_value": 0.05
    },
    {
      "name": "radius",
      "finite_difference_step": 0.001,
      "plausible_abs": 0.01,
      "description": "stone convex radius, with explicit handoff held fixed",
      "sensitivity_norm_per_unit": 1.6525966089808202,
      "least_squares_value": 0.02816336126642872,
      "abs_over_plausible": 2.816336126642872,
      "plausible_clipped_value": 0.01
    },
    {
      "name": "contact_offset",
      "finite_difference_step": 0.001,
      "plausible_abs": 0.005,
      "description": "shape contact offset",
      "sensitivity_norm_per_unit": 0.0,
      "least_squares_value": 0.0,
      "abs_over_plausible": 0.0,
      "plausible_clipped_value": 0.0
    },
    {
      "name": "center_height",
      "finite_difference_step": 0.001,
      "plausible_abs": 0.01,
      "description": "actor center height",
      "sensitivity_norm_per_unit": 0.00012344152872101138,
      "least_squares_value": 213.9269876944981,
      "abs_over_plausible": 21392.69876944981,
      "plausible_clipped_value": 0.01
    }
  ],
  "per_sample": [
    {
      "sample_id": 12000,
      "label": "collision_headon_y5p2_v3p4_active_a00_target_t08_r00",
      "saved_target_velocity_0p02_mps": [
        0.04430509731173515,
        -0.7916496396064758
      ],
      "rerun_baseline_target_velocity_0p02_mps": [
        0.04430509731173515,
        -0.7916496396064758
      ],
      "baseline_rerun_delta_norm_mps": 0.0,
      "desired_target_velocity_0p02_mps": [
        0.03909841354108877,
        -0.7983783507761679
      ],
      "required_delta_v_mps": [
        -0.005206683770646384,
        -0.006728711169692092
      ],
      "required_delta_v_norm_mps": 0.008507943928626444,
      "least_squares_fit_delta_v_mps": [
        -0.008939761474883567,
        -0.009047528384685366
      ],
      "least_squares_residual_delta_v_mps": [
        0.0037330777042371838,
        0.002318817214993274
      ],
      "least_squares_residual_norm_mps": 0.004394631090594741,
      "baseline_delta_norm_from_rerun_mps": 0.008507943928626444,
      "plausible_clipped_fit_delta_v_mps": [
        0.011249908361918045,
        0.031062170789747268
      ],
      "plausible_clipped_residual_delta_v_mps": [
        -0.01645659213256443,
        -0.03779088195943936
      ],
      "plausible_clipped_residual_norm_mps": 0.041218566009625576
    },
    {
      "sample_id": 12002,
      "label": "collision_headon_y6p2_v3p4_active_a02_target_t10_r00",
      "saved_target_velocity_0p02_mps": [
        0.05346119776368141,
        -0.8933961391448975
      ],
      "rerun_baseline_target_velocity_0p02_mps": [
        0.05346119776368141,
        -0.8933961391448975
      ],
      "baseline_rerun_delta_norm_mps": 0.0,
      "desired_target_velocity_0p02_mps": [
        0.03828986988372762,
        -0.8939108859555402
      ],
      "required_delta_v_mps": [
        -0.015171327879953789,
        -0.0005147468106427855
      ],
      "required_delta_v_norm_mps": 0.015180057770645341,
      "least_squares_fit_delta_v_mps": [
        -0.0004974696419518948,
        0.003232376781621568
      ],
      "least_squares_residual_delta_v_mps": [
        -0.014673858238001894,
        -0.0037471235922643537
      ],
      "least_squares_residual_norm_mps": 0.015144736736063792,
      "baseline_delta_norm_from_rerun_mps": 0.015180057770645343,
      "plausible_clipped_fit_delta_v_mps": [
        0.0160439776757821,
        0.029743555456390458
      ],